Date,PX_LAST,source
2023-01-03,238.88,Caterpillar Equipment Proxy
2023-01-04,241.36,Caterpillar Equipment Proxy
2023-01-05,240.28,Caterpillar Equipment Proxy
2023-01-06,248.86,Caterpillar Equipment Proxy
2023-01-09,246.62,Caterpillar Equipment Proxy
2023-01-10,250.51,Caterpillar Equipment Proxy
2023-01-11,250.73,Caterpillar Equipment Proxy
2023-01-12,255.07,Caterpillar Equipment Proxy
2023-01-13,258.46,Caterpillar Equipment Proxy
2023-01-17,256.26,Caterpillar Equipment Proxy
2023-01-18,252.82,Caterpillar Equipment Proxy
2023-01-19,245.75,Caterpillar Equipment Proxy
2023-01-20,249.71,Caterpillar Equipment Proxy
2023-01-23,252.7,Caterpillar Equipment Proxy
2023-01-24,257.61,Caterpillar Equipment Proxy
2023-01-25,258.44,Caterpillar Equipment Proxy
2023-01-26,262.12,Caterpillar Equipment Proxy
2023-01-27,264.54,Caterpillar Equipment Proxy
2023-01-30,261.5,Caterpillar Equipment Proxy
2023-01-31,252.29,Caterpillar Equipment Proxy
2023-02-01,249.54,Caterpillar Equipment Proxy
2023-02-02,244.9,Caterpillar Equipment Proxy
2023-02-03,247.76,Caterpillar Equipment Proxy
2023-02-06,251.42,Caterpillar Equipment Proxy
2023-02-07,249.66,Caterpillar Equipment Proxy
2023-02-08,248.87,Caterpillar Equipment Proxy
2023-02-09,246.28,Caterpillar Equipment Proxy
2023-02-10,247.67,Caterpillar Equipment Proxy
2023-02-13,248.15,Caterpillar Equipment Proxy
2023-02-14,244.36,Caterpillar Equipment Proxy
2023-02-15,248.7,Caterpillar Equipment Proxy
2023-02-16,246.52,Caterpillar Equipment Proxy
2023-02-17,247.79,Caterpillar Equipment Proxy
2023-02-21,240.71,Caterpillar Equipment Proxy
2023-02-22,237.89,Caterpillar Equipment Proxy
2023-02-23,237.95,Caterpillar Equipment Proxy
2023-02-24,236.17,Caterpillar Equipment Proxy
2023-02-27,239.98,Caterpillar Equipment Proxy
2023-02-28,239.55,Caterpillar Equipment Proxy
2023-03-01,248.67,Caterpillar Equipment Proxy
2023-03-02,252.18,Caterpillar Equipment Proxy
2023-03-03,255.31,Caterpillar Equipment Proxy
2023-03-06,253.98,Caterpillar Equipment Proxy
2023-03-07,246.14,Caterpillar Equipment Proxy
2023-03-08,248.72,Caterpillar Equipment Proxy
2023-03-09,240.96,Caterpillar Equipment Proxy
2023-03-10,227.01,Caterpillar Equipment Proxy
2023-03-13,224.7,Caterpillar Equipment Proxy
2023-03-14,225.67,Caterpillar Equipment Proxy
2023-03-15,217.26,Caterpillar Equipment Proxy
2023-03-16,218.71,Caterpillar Equipment Proxy
2023-03-17,215.01,Caterpillar Equipment Proxy
2023-03-20,220.31,Caterpillar Equipment Proxy
2023-03-21,224.92,Caterpillar Equipment Proxy
2023-03-22,219.95,Caterpillar Equipment Proxy
2023-03-23,219.44,Caterpillar Equipment Proxy
2023-03-24,217.01,Caterpillar Equipment Proxy
2023-03-27,218.0,Caterpillar Equipment Proxy
2023-03-28,220.16,Caterpillar Equipment Proxy
2023-03-29,223.0,Caterpillar Equipment Proxy
2023-03-30,224.54,Caterpillar Equipment Proxy
2023-03-31,228.84,Caterpillar Equipment Proxy
2023-04-03,229.87,Caterpillar Equipment Proxy
2023-04-04,217.45,Caterpillar Equipment Proxy
2023-04-05,213.53,Caterpillar Equipment Proxy
2023-04-06,209.17,Caterpillar Equipment Proxy
2023-04-10,215.53,Caterpillar Equipment Proxy
2023-04-11,220.6,Caterpillar Equipment Proxy
2023-04-12,220.5,Caterpillar Equipment Proxy
2023-04-13,221.67,Caterpillar Equipment Proxy
2023-04-14,223.68,Caterpillar Equipment Proxy
2023-04-17,225.24,Caterpillar Equipment Proxy
2023-04-18,225.2,Caterpillar Equipment Proxy
2023-04-19,224.65,Caterpillar Equipment Proxy
2023-04-20,222.27,Caterpillar Equipment Proxy
2023-04-21,220.27,Caterpillar Equipment Proxy
2023-04-24,223.43,Caterpillar Equipment Proxy
2023-04-25,218.63,Caterpillar Equipment Proxy
2023-04-26,216.19,Caterpillar Equipment Proxy
2023-04-27,214.33,Caterpillar Equipment Proxy
2023-04-28,218.8,Caterpillar Equipment Proxy
2023-05-01,217.27,Caterpillar Equipment Proxy
2023-05-02,215.15,Caterpillar Equipment Proxy
2023-05-03,215.64,Caterpillar Equipment Proxy
2023-05-04,210.38,Caterpillar Equipment Proxy
2023-05-05,215.09,Caterpillar Equipment Proxy
2023-05-08,214.79,Caterpillar Equipment Proxy
2023-05-09,213.49,Caterpillar Equipment Proxy
2023-05-10,213.17,Caterpillar Equipment Proxy
2023-05-11,210.03,Caterpillar Equipment Proxy
2023-05-12,209.54,Caterpillar Equipment Proxy
2023-05-15,211.29,Caterpillar Equipment Proxy
2023-05-16,207.2,Caterpillar Equipment Proxy
2023-05-17,212.1,Caterpillar Equipment Proxy
2023-05-18,214.72,Caterpillar Equipment Proxy
2023-05-19,214.78,Caterpillar Equipment Proxy
2023-05-22,214.26,Caterpillar Equipment Proxy
2023-05-23,212.71,Caterpillar Equipment Proxy
2023-05-24,209.7,Caterpillar Equipment Proxy
2023-05-25,209.98,Caterpillar Equipment Proxy
2023-05-26,211.8,Caterpillar Equipment Proxy
2023-05-30,209.9,Caterpillar Equipment Proxy
2023-05-31,205.75,Caterpillar Equipment Proxy
2023-06-01,209.07,Caterpillar Equipment Proxy
2023-06-02,226.63,Caterpillar Equipment Proxy
2023-06-05,222.47,Caterpillar Equipment Proxy
2023-06-06,226.68,Caterpillar Equipment Proxy
2023-06-07,235.55,Caterpillar Equipment Proxy
2023-06-08,234.45,Caterpillar Equipment Proxy
2023-06-09,235.03,Caterpillar Equipment Proxy
2023-06-12,237.9,Caterpillar Equipment Proxy
2023-06-13,245.44,Caterpillar Equipment Proxy
2023-06-14,243.32,Caterpillar Equipment Proxy
2023-06-15,247.67,Caterpillar Equipment Proxy
2023-06-16,245.27,Caterpillar Equipment Proxy
2023-06-20,241.15,Caterpillar Equipment Proxy
2023-06-21,241.48,Caterpillar Equipment Proxy
2023-06-22,237.34,Caterpillar Equipment Proxy
2023-06-23,234.44,Caterpillar Equipment Proxy
2023-06-26,236.95,Caterpillar Equipment Proxy
2023-06-27,240.69,Caterpillar Equipment Proxy
2023-06-28,241.87,Caterpillar Equipment Proxy
2023-06-29,244.24,Caterpillar Equipment Proxy
2023-06-30,246.05,Caterpillar Equipment Proxy
2023-07-03,247.33,Caterpillar Equipment Proxy
2023-07-05,244.83,Caterpillar Equipment Proxy
2023-07-06,240.58,Caterpillar Equipment Proxy
2023-07-07,245.18,Caterpillar Equipment Proxy
2023-07-10,248.81,Caterpillar Equipment Proxy
2023-07-11,252.85,Caterpillar Equipment Proxy
2023-07-12,253.6,Caterpillar Equipment Proxy
2023-07-13,255.86,Caterpillar Equipment Proxy
2023-07-14,255.62,Caterpillar Equipment Proxy
2023-07-17,257.46,Caterpillar Equipment Proxy
2023-07-18,263.81,Caterpillar Equipment Proxy
2023-07-19,262.75,Caterpillar Equipment Proxy
2023-07-20,261.09,Caterpillar Equipment Proxy
2023-07-21,257.65,Caterpillar Equipment Proxy
2023-07-24,259.37,Caterpillar Equipment Proxy
2023-07-25,262.06,Caterpillar Equipment Proxy
2023-07-26,258.32,Caterpillar Equipment Proxy
2023-07-27,258.3,Caterpillar Equipment Proxy
2023-07-28,260.43,Caterpillar Equipment Proxy
2023-07-31,265.17,Caterpillar Equipment Proxy
2023-08-01,288.65,Caterpillar Equipment Proxy
2023-08-02,287.57,Caterpillar Equipment Proxy
2023-08-03,281.45,Caterpillar Equipment Proxy
2023-08-04,276.44,Caterpillar Equipment Proxy
2023-08-07,281.65,Caterpillar Equipment Proxy
2023-08-08,282.89,Caterpillar Equipment Proxy
2023-08-09,284.53,Caterpillar Equipment Proxy
2023-08-10,283.82,Caterpillar Equipment Proxy
2023-08-11,285.22,Caterpillar Equipment Proxy
2023-08-14,284.54,Caterpillar Equipment Proxy
2023-08-15,277.37,Caterpillar Equipment Proxy
2023-08-16,274.51,Caterpillar Equipment Proxy
2023-08-17,275.17,Caterpillar Equipment Proxy
2023-08-18,273.8,Caterpillar Equipment Proxy
2023-08-21,272.75,Caterpillar Equipment Proxy
2023-08-22,270.2,Caterpillar Equipment Proxy
2023-08-23,273.03,Caterpillar Equipment Proxy
2023-08-24,269.3,Caterpillar Equipment Proxy
2023-08-25,272.56,Caterpillar Equipment Proxy
2023-08-28,274.79,Caterpillar Equipment Proxy
2023-08-29,280.03,Caterpillar Equipment Proxy
2023-08-30,282.33,Caterpillar Equipment Proxy
2023-08-31,281.13,Caterpillar Equipment Proxy
2023-09-01,286.25,Caterpillar Equipment Proxy
2023-09-05,281.63,Caterpillar Equipment Proxy
2023-09-06,282.9,Caterpillar Equipment Proxy
2023-09-07,281.43,Caterpillar Equipment Proxy
2023-09-08,282.28,Caterpillar Equipment Proxy
2023-09-11,282.05,Caterpillar Equipment Proxy
2023-09-12,281.81,Caterpillar Equipment Proxy
2023-09-13,275.92,Caterpillar Equipment Proxy
2023-09-14,282.56,Caterpillar Equipment Proxy
2023-09-15,279.15,Caterpillar Equipment Proxy
2023-09-18,280.94,Caterpillar Equipment Proxy
2023-09-19,279.67,Caterpillar Equipment Proxy
2023-09-20,278.61,Caterpillar Equipment Proxy
2023-09-21,272.03,Caterpillar Equipment Proxy
2023-09-22,273.06,Caterpillar Equipment Proxy
2023-09-25,274.27,Caterpillar Equipment Proxy
2023-09-26,269.52,Caterpillar Equipment Proxy
2023-09-27,272.71,Caterpillar Equipment Proxy
2023-09-28,276.24,Caterpillar Equipment Proxy
2023-09-29,273.0,Caterpillar Equipment Proxy
2023-10-02,271.72,Caterpillar Equipment Proxy
2023-10-03,268.97,Caterpillar Equipment Proxy
2023-10-04,265.03,Caterpillar Equipment Proxy
2023-10-05,260.8,Caterpillar Equipment Proxy
2023-10-06,266.04,Caterpillar Equipment Proxy
2023-10-09,271.3,Caterpillar Equipment Proxy
2023-10-10,273.21,Caterpillar Equipment Proxy
2023-10-11,272.83,Caterpillar Equipment Proxy
2023-10-12,269.61,Caterpillar Equipment Proxy
2023-10-13,267.94,Caterpillar Equipment Proxy
2023-10-16,270.79,Caterpillar Equipment Proxy
2023-10-17,272.65,Caterpillar Equipment Proxy
2023-10-18,259.22,Caterpillar Equipment Proxy
2023-10-19,252.89,Caterpillar Equipment Proxy
2023-10-20,249.2,Caterpillar Equipment Proxy
2023-10-23,247.32,Caterpillar Equipment Proxy
2023-10-24,249.55,Caterpillar Equipment Proxy
2023-10-25,244.94,Caterpillar Equipment Proxy
2023-10-26,242.43,Caterpillar Equipment Proxy
2023-10-27,238.56,Caterpillar Equipment Proxy
2023-10-30,242.16,Caterpillar Equipment Proxy
2023-10-31,226.05,Caterpillar Equipment Proxy
2023-11-01,231.83,Caterpillar Equipment Proxy
2023-11-02,239.12,Caterpillar Equipment Proxy
2023-11-03,240.75,Caterpillar Equipment Proxy
2023-11-06,238.28,Caterpillar Equipment Proxy
2023-11-07,234.92,Caterpillar Equipment Proxy
2023-11-08,234.82,Caterpillar Equipment Proxy
2023-11-09,234.15,Caterpillar Equipment Proxy
2023-11-10,239.68,Caterpillar Equipment Proxy
2023-11-13,241.67,Caterpillar Equipment Proxy
2023-11-14,247.86,Caterpillar Equipment Proxy
2023-11-15,251.09,Caterpillar Equipment Proxy
2023-11-16,248.21,Caterpillar Equipment Proxy
2023-11-17,253.07,Caterpillar Equipment Proxy
2023-11-20,250.45,Caterpillar Equipment Proxy
2023-11-21,249.41,Caterpillar Equipment Proxy
2023-11-22,246.01,Caterpillar Equipment Proxy
2023-11-24,247.36,Caterpillar Equipment Proxy
2023-11-27,247.39,Caterpillar Equipment Proxy
2023-11-28,247.5,Caterpillar Equipment Proxy
2023-11-29,249.45,Caterpillar Equipment Proxy
2023-11-30,250.72,Caterpillar Equipment Proxy
2023-12-01,256.76,Caterpillar Equipment Proxy
2023-12-04,254.75,Caterpillar Equipment Proxy
2023-12-05,255.19,Caterpillar Equipment Proxy
2023-12-06,255.97,Caterpillar Equipment Proxy
2023-12-07,257.41,Caterpillar Equipment Proxy
2023-12-08,259.5,Caterpillar Equipment Proxy
2023-12-11,260.92,Caterpillar Equipment Proxy
2023-12-12,261.43,Caterpillar Equipment Proxy
2023-12-13,267.97,Caterpillar Equipment Proxy
2023-12-14,285.17,Caterpillar Equipment Proxy
2023-12-15,285.74,Caterpillar Equipment Proxy
2023-12-18,285.71,Caterpillar Equipment Proxy
2023-12-19,292.96,Caterpillar Equipment Proxy
2023-12-20,289.71,Caterpillar Equipment Proxy
2023-12-21,290.07,Caterpillar Equipment Proxy
2023-12-22,290.36,Caterpillar Equipment Proxy
2023-12-26,295.63,Caterpillar Equipment Proxy
2023-12-27,298.12,Caterpillar Equipment Proxy
2023-12-28,296.88,Caterpillar Equipment Proxy
2023-12-29,295.67,Caterpillar Equipment Proxy
2024-01-02,292.71,Caterpillar Equipment Proxy
2024-01-03,284.3,Caterpillar Equipment Proxy
2024-01-04,286.1,Caterpillar Equipment Proxy
2024-01-05,288.93,Caterpillar Equipment Proxy
2024-01-08,292.25,Caterpillar Equipment Proxy
2024-01-09,292.29,Caterpillar Equipment Proxy
2024-01-10,293.35,Caterpillar Equipment Proxy
2024-01-11,292.06,Caterpillar Equipment Proxy
2024-01-12,290.41,Caterpillar Equipment Proxy
2024-01-16,287.23,Caterpillar Equipment Proxy
2024-01-17,278.63,Caterpillar Equipment Proxy
2024-01-18,281.9,Caterpillar Equipment Proxy
2024-01-19,285.28,Caterpillar Equipment Proxy
2024-01-22,288.67,Caterpillar Equipment Proxy
2024-01-23,288.83,Caterpillar Equipment Proxy
2024-01-24,290.68,Caterpillar Equipment Proxy
2024-01-25,300.77,Caterpillar Equipment Proxy
2024-01-26,299.43,Caterpillar Equipment Proxy
2024-01-29,303.25,Caterpillar Equipment Proxy
2024-01-30,304.76,Caterpillar Equipment Proxy
2024-01-31,300.31,Caterpillar Equipment Proxy
2024-02-01,307.69,Caterpillar Equipment Proxy
2024-02-02,315.09,Caterpillar Equipment Proxy
2024-02-05,321.4,Caterpillar Equipment Proxy
2024-02-06,322.72,Caterpillar Equipment Proxy
2024-02-07,323.59,Caterpillar Equipment Proxy
2024-02-08,322.0,Caterpillar Equipment Proxy
2024-02-09,317.16,Caterpillar Equipment Proxy
2024-02-12,321.63,Caterpillar Equipment Proxy
2024-02-13,312.84,Caterpillar Equipment Proxy
2024-02-14,316.71,Caterpillar Equipment Proxy
2024-02-15,323.07,Caterpillar Equipment Proxy
2024-02-16,321.91,Caterpillar Equipment Proxy
2024-02-20,313.74,Caterpillar Equipment Proxy
2024-02-21,317.14,Caterpillar Equipment Proxy
2024-02-22,322.09,Caterpillar Equipment Proxy
2024-02-23,323.88,Caterpillar Equipment Proxy
2024-02-26,325.38,Caterpillar Equipment Proxy
2024-02-27,327.63,Caterpillar Equipment Proxy
2024-02-28,329.56,Caterpillar Equipment Proxy
2024-02-29,333.96,Caterpillar Equipment Proxy
2024-03-01,336.7,Caterpillar Equipment Proxy
2024-03-04,338.65,Caterpillar Equipment Proxy
2024-03-05,333.53,Caterpillar Equipment Proxy
2024-03-06,335.63,Caterpillar Equipment Proxy
2024-03-07,340.22,Caterpillar Equipment Proxy
2024-03-08,339.19,Caterpillar Equipment Proxy
2024-03-11,334.97,Caterpillar Equipment Proxy
2024-03-12,337.24,Caterpillar Equipment Proxy
2024-03-13,341.52,Caterpillar Equipment Proxy
2024-03-14,341.92,Caterpillar Equipment Proxy
2024-03-15,346.97,Caterpillar Equipment Proxy
2024-03-18,351.9,Caterpillar Equipment Proxy
2024-03-19,353.9,Caterpillar Equipment Proxy
2024-03-20,356.45,Caterpillar Equipment Proxy
2024-03-21,364.56,Caterpillar Equipment Proxy
2024-03-22,358.11,Caterpillar Equipment Proxy
2024-03-25,355.95,Caterpillar Equipment Proxy
2024-03-26,356.39,Caterpillar Equipment Proxy
2024-03-27,364.65,Caterpillar Equipment Proxy
2024-03-28,366.43,Caterpillar Equipment Proxy
2024-04-01,363.74,Caterpillar Equipment Proxy
2024-04-02,364.83,Caterpillar Equipment Proxy
2024-04-03,375.79,Caterpillar Equipment Proxy
2024-04-04,369.79,Caterpillar Equipment Proxy
2024-04-05,379.3,Caterpillar Equipment Proxy
2024-04-08,373.47,Caterpillar Equipment Proxy
2024-04-09,371.9,Caterpillar Equipment Proxy
2024-04-10,372.07,Caterpillar Equipment Proxy
2024-04-11,371.98,Caterpillar Equipment Proxy
2024-04-12,365.63,Caterpillar Equipment Proxy
2024-04-15,363.91,Caterpillar Equipment Proxy
2024-04-16,359.88,Caterpillar Equipment Proxy
2024-04-17,358.32,Caterpillar Equipment Proxy
2024-04-18,357.93,Caterpillar Equipment Proxy
2024-04-19,354.66,Caterpillar Equipment Proxy
2024-04-22,357.61,Caterpillar Equipment Proxy
2024-04-23,363.25,Caterpillar Equipment Proxy
2024-04-24,363.52,Caterpillar Equipment Proxy
2024-04-25,338.0,Caterpillar Equipment Proxy
2024-04-26,343.38,Caterpillar Equipment Proxy
2024-04-29,349.8,Caterpillar Equipment Proxy
2024-04-30,334.57,Caterpillar Equipment Proxy
2024-05-01,331.07,Caterpillar Equipment Proxy
2024-05-02,335.44,Caterpillar Equipment Proxy
2024-05-03,336.75,Caterpillar Equipment Proxy
2024-05-06,342.1,Caterpillar Equipment Proxy
2024-05-07,345.0,Caterpillar Equipment Proxy
2024-05-08,344.5,Caterpillar Equipment Proxy
2024-05-09,351.78,Caterpillar Equipment Proxy
2024-05-10,354.79,Caterpillar Equipment Proxy
2024-05-13,356.68,Caterpillar Equipment Proxy
2024-05-14,358.18,Caterpillar Equipment Proxy
2024-05-15,360.04,Caterpillar Equipment Proxy
2024-05-16,350.72,Caterpillar Equipment Proxy
2024-05-17,356.27,Caterpillar Equipment Proxy
2024-05-20,362.75,Caterpillar Equipment Proxy
2024-05-21,359.07,Caterpillar Equipment Proxy
2024-05-22,355.94,Caterpillar Equipment Proxy
2024-05-23,350.7,Caterpillar Equipment Proxy
2024-05-24,348.9,Caterpillar Equipment Proxy
2024-05-28,346.47,Caterpillar Equipment Proxy
2024-05-29,338.11,Caterpillar Equipment Proxy
2024-05-30,339.25,Caterpillar Equipment Proxy
2024-05-31,338.52,Caterpillar Equipment Proxy
2024-06-03,331.36,Caterpillar Equipment Proxy
2024-06-04,327.57,Caterpillar Equipment Proxy
2024-06-05,329.45,Caterpillar Equipment Proxy
2024-06-06,328.29,Caterpillar Equipment Proxy
2024-06-07,328.94,Caterpillar Equipment Proxy
2024-06-10,329.61,Caterpillar Equipment Proxy
2024-06-11,327.31,Caterpillar Equipment Proxy
2024-06-12,328.73,Caterpillar Equipment Proxy
2024-06-13,326.36,Caterpillar Equipment Proxy
2024-06-14,321.47,Caterpillar Equipment Proxy
2024-06-17,322.4,Caterpillar Equipment Proxy
2024-06-18,325.14,Caterpillar Equipment Proxy
2024-06-20,329.13,Caterpillar Equipment Proxy
2024-06-21,327.84,Caterpillar Equipment Proxy
2024-06-24,330.0,Caterpillar Equipment Proxy
2024-06-25,327.4,Caterpillar Equipment Proxy
2024-06-26,326.73,Caterpillar Equipment Proxy
2024-06-27,327.46,Caterpillar Equipment Proxy
2024-06-28,333.1,Caterpillar Equipment Proxy
2024-07-01,329.08,Caterpillar Equipment Proxy
2024-07-02,327.76,Caterpillar Equipment Proxy
2024-07-03,330.61,Caterpillar Equipment Proxy
2024-07-05,328.35,Caterpillar Equipment Proxy
2024-07-08,329.06,Caterpillar Equipment Proxy
2024-07-09,326.06,Caterpillar Equipment Proxy
2024-07-10,328.48,Caterpillar Equipment Proxy
2024-07-11,331.13,Caterpillar Equipment Proxy
2024-07-12,335.59,Caterpillar Equipment Proxy
2024-07-15,345.77,Caterpillar Equipment Proxy
2024-07-16,360.58,Caterpillar Equipment Proxy
2024-07-17,357.8,Caterpillar Equipment Proxy
2024-07-18,356.03,Caterpillar Equipment Proxy
2024-07-19,347.63,Caterpillar Equipment Proxy
2024-07-22,347.87,Caterpillar Equipment Proxy
2024-07-23,344.17,Caterpillar Equipment Proxy
2024-07-24,336.04,Caterpillar Equipment Proxy
2024-07-25,344.3,Caterpillar Equipment Proxy
2024-07-26,350.48,Caterpillar Equipment Proxy
2024-07-29,344.53,Caterpillar Equipment Proxy
2024-07-30,341.72,Caterpillar Equipment Proxy
2024-07-31,346.2,Caterpillar Equipment Proxy
2024-08-01,331.52,Caterpillar Equipment Proxy
2024-08-02,320.87,Caterpillar Equipment Proxy
2024-08-05,316.8,Caterpillar Equipment Proxy
2024-08-06,326.44,Caterpillar Equipment Proxy
2024-08-07,325.8,Caterpillar Equipment Proxy
2024-08-08,336.16,Caterpillar Equipment Proxy
2024-08-09,338.26,Caterpillar Equipment Proxy
2024-08-12,336.03,Caterpillar Equipment Proxy
2024-08-13,338.8,Caterpillar Equipment Proxy
2024-08-14,337.59,Caterpillar Equipment Proxy
2024-08-15,345.64,Caterpillar Equipment Proxy
2024-08-16,343.48,Caterpillar Equipment Proxy
2024-08-19,344.65,Caterpillar Equipment Proxy
2024-08-20,343.3,Caterpillar Equipment Proxy
2024-08-21,342.97,Caterpillar Equipment Proxy
2024-08-22,342.36,Caterpillar Equipment Proxy
2024-08-23,348.41,Caterpillar Equipment Proxy
2024-08-26,351.16,Caterpillar Equipment Proxy
2024-08-27,351.12,Caterpillar Equipment Proxy
2024-08-28,348.2,Caterpillar Equipment Proxy
2024-08-29,351.64,Caterpillar Equipment Proxy
2024-08-30,356.1,Caterpillar Equipment Proxy
2024-09-03,340.24,Caterpillar Equipment Proxy
2024-09-04,336.75,Caterpillar Equipment Proxy
2024-09-05,333.56,Caterpillar Equipment Proxy
2024-09-06,329.36,Caterpillar Equipment Proxy
2024-09-09,334.04,Caterpillar Equipment Proxy
2024-09-10,334.16,Caterpillar Equipment Proxy
2024-09-11,335.0,Caterpillar Equipment Proxy
2024-09-12,339.58,Caterpillar Equipment Proxy
2024-09-13,345.31,Caterpillar Equipment Proxy
2024-09-16,347.96,Caterpillar Equipment Proxy
2024-09-17,353.69,Caterpillar Equipment Proxy
2024-09-18,355.12,Caterpillar Equipment Proxy
2024-09-19,373.31,Caterpillar Equipment Proxy
2024-09-20,368.82,Caterpillar Equipment Proxy
2024-09-23,371.17,Caterpillar Equipment Proxy
2024-09-24,385.93,Caterpillar Equipment Proxy
2024-09-25,378.25,Caterpillar Equipment Proxy
2024-09-26,390.96,Caterpillar Equipment Proxy
2024-09-27,391.08,Caterpillar Equipment Proxy
2024-09-30,391.12,Caterpillar Equipment Proxy
2024-10-01,392.39,Caterpillar Equipment Proxy
2024-10-02,394.05,Caterpillar Equipment Proxy
2024-10-03,391.09,Caterpillar Equipment Proxy
2024-10-04,397.09,Caterpillar Equipment Proxy
2024-10-07,398.25,Caterpillar Equipment Proxy
2024-10-08,387.96,Caterpillar Equipment Proxy
2024-10-09,396.19,Caterpillar Equipment Proxy
2024-10-10,396.64,Caterpillar Equipment Proxy
2024-10-11,402.02,Caterpillar Equipment Proxy
2024-10-14,393.95,Caterpillar Equipment Proxy
2024-10-15,387.99,Caterpillar Equipment Proxy
2024-10-16,393.62,Caterpillar Equipment Proxy
2024-10-17,394.49,Caterpillar Equipment Proxy
2024-10-18,393.86,Caterpillar Equipment Proxy
2024-10-21,390.48,Caterpillar Equipment Proxy
2024-10-22,388.46,Caterpillar Equipment Proxy
2024-10-23,385.73,Caterpillar Equipment Proxy
2024-10-24,387.06,Caterpillar Equipment Proxy
2024-10-25,385.97,Caterpillar Equipment Proxy
2024-10-28,390.61,Caterpillar Equipment Proxy
2024-10-29,387.51,Caterpillar Equipment Proxy
2024-10-30,379.24,Caterpillar Equipment Proxy
2024-10-31,376.2,Caterpillar Equipment Proxy
2024-11-01,379.63,Caterpillar Equipment Proxy
2024-11-04,376.52,Caterpillar Equipment Proxy
2024-11-05,383.37,Caterpillar Equipment Proxy
2024-11-06,416.88,Caterpillar Equipment Proxy
2024-11-07,408.21,Caterpillar Equipment Proxy
2024-11-08,393.37,Caterpillar Equipment Proxy
2024-11-11,396.54,Caterpillar Equipment Proxy
2024-11-12,393.01,Caterpillar Equipment Proxy
2024-11-13,387.07,Caterpillar Equipment Proxy
2024-11-14,387.36,Caterpillar Equipment Proxy
2024-11-15,384.07,Caterpillar Equipment Proxy
2024-11-18,384.46,Caterpillar Equipment Proxy
2024-11-19,382.33,Caterpillar Equipment Proxy
2024-11-20,381.5,Caterpillar Equipment Proxy
2024-11-21,389.59,Caterpillar Equipment Proxy
2024-11-22,397.49,Caterpillar Equipment Proxy
2024-11-25,405.65,Caterpillar Equipment Proxy
2024-11-26,407.83,Caterpillar Equipment Proxy
2024-11-27,403.7,Caterpillar Equipment Proxy
2024-11-29,406.11,Caterpillar Equipment Proxy
2024-12-02,402.51,Caterpillar Equipment Proxy
2024-12-03,399.26,Caterpillar Equipment Proxy
2024-12-04,399.51,Caterpillar Equipment Proxy
2024-12-05,394.98,Caterpillar Equipment Proxy
2024-12-06,395.03,Caterpillar Equipment Proxy
2024-12-09,399.26,Caterpillar Equipment Proxy
2024-12-10,388.39,Caterpillar Equipment Proxy
2024-12-11,388.87,Caterpillar Equipment Proxy
2024-12-12,380.78,Caterpillar Equipment Proxy
2024-12-13,380.51,Caterpillar Equipment Proxy
2024-12-16,378.92,Caterpillar Equipment Proxy
2024-12-17,375.8,Caterpillar Equipment Proxy
2024-12-18,363.89,Caterpillar Equipment Proxy
2024-12-19,360.37,Caterpillar Equipment Proxy
2024-12-20,366.04,Caterpillar Equipment Proxy
2024-12-23,365.39,Caterpillar Equipment Proxy
2024-12-24,367.57,Caterpillar Equipment Proxy
2024-12-26,367.12,Caterpillar Equipment Proxy
2024-12-27,364.86,Caterpillar Equipment Proxy
2024-12-30,363.01,Caterpillar Equipment Proxy
2024-12-31,362.76,Caterpillar Equipment Proxy
2025-01-02,359.77,Caterpillar Equipment Proxy
2025-01-03,363.79,Caterpillar Equipment Proxy
2025-01-06,364.2,Caterpillar Equipment Proxy
2025-01-07,363.0,Caterpillar Equipment Proxy
2025-01-08,361.07,Caterpillar Equipment Proxy
2025-01-10,351.0,Caterpillar Equipment Proxy
2025-01-13,362.5,Caterpillar Equipment Proxy
2025-01-14,371.57,Caterpillar Equipment Proxy
2025-01-15,374.89,Caterpillar Equipment Proxy
2025-01-16,380.55,Caterpillar Equipment Proxy
2025-01-17,386.02,Caterpillar Equipment Proxy
2025-01-21,398.36,Caterpillar Equipment Proxy
2025-01-22,397.61,Caterpillar Equipment Proxy
2025-01-23,406.4,Caterpillar Equipment Proxy
2025-01-24,407.63,Caterpillar Equipment Proxy
2025-01-27,394.98,Caterpillar Equipment Proxy
2025-01-28,390.29,Caterpillar Equipment Proxy
2025-01-29,393.23,Caterpillar Equipment Proxy
2025-01-30,374.98,Caterpillar Equipment Proxy
2025-01-31,371.44,Caterpillar Equipment Proxy
2025-02-03,361.55,Caterpillar Equipment Proxy
2025-02-04,361.95,Caterpillar Equipment Proxy
2025-02-05,358.85,Caterpillar Equipment Proxy
2025-02-06,365.45,Caterpillar Equipment Proxy
2025-02-07,363.88,Caterpillar Equipment Proxy
2025-02-10,363.22,Caterpillar Equipment Proxy
2025-02-11,362.23,Caterpillar Equipment Proxy
2025-02-12,352.04,Caterpillar Equipment Proxy
2025-02-13,353.7,Caterpillar Equipment Proxy
2025-02-14,353.32,Caterpillar Equipment Proxy
2025-02-18,354.0,Caterpillar Equipment Proxy
2025-02-19,353.0,Caterpillar Equipment Proxy
2025-02-20,349.15,Caterpillar Equipment Proxy
2025-02-21,340.04,Caterpillar Equipment Proxy
2025-02-24,338.92,Caterpillar Equipment Proxy
2025-02-25,342.36,Caterpillar Equipment Proxy
2025-02-26,342.58,Caterpillar Equipment Proxy
2025-02-27,340.0,Caterpillar Equipment Proxy
2025-02-28,343.95,Caterpillar Equipment Proxy
2025-03-03,332.04,Caterpillar Equipment Proxy
2025-03-04,326.75,Caterpillar Equipment Proxy
2025-03-05,338.49,Caterpillar Equipment Proxy
2025-03-06,341.01,Caterpillar Equipment Proxy
2025-03-07,350.3,Caterpillar Equipment Proxy
2025-03-10,345.21,Caterpillar Equipment Proxy
2025-03-11,339.77,Caterpillar Equipment Proxy
2025-03-12,338.13,Caterpillar Equipment Proxy
2025-03-13,333.31,Caterpillar Equipment Proxy
2025-03-14,339.64,Caterpillar Equipment Proxy
2025-03-17,342.64,Caterpillar Equipment Proxy
2025-03-18,336.71,Caterpillar Equipment Proxy
2025-03-19,338.62,Caterpillar Equipment Proxy
2025-03-20,336.25,Caterpillar Equipment Proxy
2025-03-21,335.78,Caterpillar Equipment Proxy
2025-03-24,341.67,Caterpillar Equipment Proxy
2025-03-25,342.62,Caterpillar Equipment Proxy
2025-03-26,341.11,Caterpillar Equipment Proxy
2025-03-27,339.3,Caterpillar Equipment Proxy
2025-03-28,329.69,Caterpillar Equipment Proxy
2025-03-31,329.8,Caterpillar Equipment Proxy
2025-04-01,330.57,Caterpillar Equipment Proxy
2025-04-02,334.66,Caterpillar Equipment Proxy
2025-04-03,305.76,Caterpillar Equipment Proxy
2025-04-04,288.315,Caterpillar Equipment Proxy
